openInterestHist_sumOpenInterest,openInterestHist_sumOpenInterestValue,timestamp,topLongShortAccountRatio_longAccount,topLongShortAccountRatio_longShortRatio,topLongShortAccountRatio_shortAccount,topLongShortPositionRatio_longAccount,topLongShortPositionRatio_longShortRatio,topLongShortPositionRatio_shortAccount,globalLongShortAccountRatio_longAccount,globalLongShortAccountRatio_longShortRatio,globalLongShortAccountRatio_shortAccount,takerlongshortRatio_buySellRatio,takerlongshortRatio_sellVol,takerlongshortRatio_buyVol
320761.31700000,604145223.04031587,1624402800000,0.5302,1.1286,0.4698,0.4843,0.9393,0.5157,0.5694,1.3223,0.4306,1.0418,74740.3610,77866.6350
319405.10400000,599892575.65526310,1624406400000,0.5242,1.1017,0.4758,0.4855,0.9437,0.5145,0.5607,1.2763,0.4393,1.0997,182333.7790,200517.4610
314691.92300000,607653453.99239666,1624410000000,0.5478,1.2114,0.4522,0.4853,0.9429,0.5147,0.5792,1.3764,0.4208,1.1931,143554.1380,171275.4630
324436.13000000,650406842.89490000,1624413600000,0.5600,1.2727,0.4400,0.4858,0.9446,0.5142,0.5966,1.4789,0.4034,0.9672,33478.7660,32381.3710
321929.41000000,647673683.50850000,1624420800000,0.5640,1.2936,0.4360,0.4858,0.9447,0.5142,0.5986,1.4913,0.4014,0.9696,77824.8040,75462.6480
318005.54100000,635887059.83901000,1624424400000,0.5678,1.3137,0.4322,0.4839,0.9375,0.5161,0.6002,1.5013,0.3998,1.1539,89791.7070,103610.7790
321682.17000000,655588262.46000000,1624428000000,0.5653,1.3004,0.4347,0.4823,0.9315,0.5177,0.5991,1.4944,0.4009,0.8915,71195.2890,63467.2910
325770.20200000,652898925.71337649,1624431600000,0.5724,1.3386,0.4276,0.4816,0.9290,0.5184,0.6051,1.5323,0.3949,1.0457,63648.5050,66556.0970
320117.81900000,641711381.14559000,1624435200000,0.5683,1.3164,0.4317,0.4808,0.9260,0.5192,0.6025,1.5157,0.3975,0.9023,101352.3610,91445.3860
315182.15800000,620905858.78506362,1624438800000,0.5616,1.2810,0.4384,0.4802,0.9237,0.5198,0.5898,1.4378,0.4102,1.1622,68636.5360,79766.5160
311318.62800000,618639822.96236448,1624442400000,0.5588,1.2665,0.4412,0.4807,0.9258,0.5193,0.5874,1.4237,0.4126,1.2072,58231.3820,70295.2920
312614.85400000,627586823.99916000,1624446000000,0.5693,1.3218,0.4307,0.4793,0.9206,0.5207,0.6032,1.5202,0.3968,0.9930,70900.0490,70406.8930
312206.98100000,621455796.59027764,1624449600000,0.5719,1.3359,0.4281,0.4786,0.9180,0.5214,0.6084,1.5536,0.3916,1.0719,51780.5440,55501.6330
313773.33100000,630520645.38316130,1624453200000,0.5717,1.3348,0.4283,0.4808,0.9259,0.5192,0.6083,1.5530,0.3917,1.0139,141436.3330,143404.3470
317275.08100000,632249149.44459637,1624456800000,0.5733,1.3436,0.4267,0.4826,0.9326,0.5174,0.6091,1.5582,0.3909,0.9991,75088.1290,75019.2470
318937.13800000,636894173.08840694,1624460400000,0.5743,1.3491,0.4257,0.4796,0.9216,0.5204,0.6154,1.6001,0.3846,0.9293,95242.0470,88512.2070
313539.62500000,618880188.80625000,1624464000000,0.5664,1.3063,0.4336,0.4764,0.9098,0.5236,0.6071,1.5452,0.3929,0.9989,103745.1640,103635.1660
311512.95200000,618612715.39464070,1624467600000,0.5629,1.2878,0.4371,0.4791,0.9199,0.5209,0.5995,1.4969,0.4005,1.0215,42208.0000,43115.4050
310031.10400000,611522289.81514122,1624471200000,0.5617,1.2815,0.4383,0.4776,0.9141,0.5224,0.6018,1.5113,0.3982,0.8990,92344.8850,83014.9530
305005.46100000,593374759.28935351,1624474800000,0.5595,1.2701,0.4405,0.4787,0.9182,0.5213,0.5972,1.4826,0.4028,0.8683,72041.9690,62550.8630
297533.05900000,569911157.40402026,1624478400000,0.5647,1.2973,0.4353,0.4819,0.9300,0.5181,0.5926,1.4546,0.4074,1.0808,64317.4970,69514.1650
297425.50600000,574022989.24082134,1624482000000,0.5638,1.2925,0.4362,0.4818,0.9299,0.5182,0.5942,1.4643,0.4058,1.1694,62963.7440,73631.3550
298828.09400000,580485525.71876000,1624485600000,0.5707,1.3294,0.4293,0.4809,0.9265,0.5191,0.6042,1.5265,0.3958,0.9636,48612.2160,46842.2270
301474.66700000,587354049.47609000,1624489200000,0.5753,1.3546,0.4247,0.4809,0.9265,0.5191,0.6097,1.5621,0.3903,1.1428,38659.6050,44181.1530
304571.76900000,598949520.89157000,1624492800000,0.5788,1.3742,0.4212,0.4802,0.9240,0.5198,0.6188,1.6233,0.3812,0.9545,47408.1600,45252.4130
308344.70900000,597060193.82506000,1624496400000,0.5675,1.3121,0.4325,0.4808,0.9261,0.5192,0.6083,1.5530,0.3917,0.7704,62778.2960,48363.2190
308203.38400000,587667652.60562459,1624500000000,0.5567,1.2558,0.4433,0.4801,0.9235,0.5199,0.5969,1.4808,0.4031,0.9979,81585.8590,81414.2210
303998.04200000,575372449.68123387,1624503600000,0.5534,1.2391,0.4466,0.4793,0.9204,0.5207,0.5944,1.4655,0.4056,1.1691,66162.5220,77353.5040
307347.33000000,585505666.99048082,1624507200000,0.5565,1.2548,0.4435,0.4784,0.9171,0.5216,0.6002,1.5013,0.3998,0.8804,70895.9430,62416.9120
305888.88800000,582495032.75176000,1624510800000,0.5520,1.2321,0.4480,0.4766,0.9107,0.5234,0.5987,1.4919,0.4013,1.2049,47398.1930,57111.7180
301690.46800000,581445022.07172000,1624514400000,0.5484,1.2143,0.4516,0.4745,0.9031,0.5255,0.5993,1.4956,0.4007,0.9702,45369.5150,44018.1870
300985.00700000,580052674.70803680,1624518000000,0.5487,1.2158,0.4513,0.4746,0.9033,0.5254,0.5969,1.4808,0.4031,1.0223,54734.8140,55957.1010
305169.75900000,585986717.01013227,1624521600000,0.5464,1.2046,0.4536,0.4743,0.9021,0.5257,0.5919,1.4504,0.4081,1.2221,67563.6500,82567.6200
315709.22500000,616169694.43250000,1624525200000,0.5401,1.1744,0.4599,0.4777,0.9144,0.5223,0.5841,1.4044,0.4159,1.0151,58561.1720,59447.4230
317286.21600000,615982632.60456000,1624528800000,0.5392,1.1701,0.4608,0.4790,0.9194,0.5210,0.5853,1.4114,0.4147,0.8873,46593.6580,41343.4970
325382.87100000,629136003.76395647,1624532400000,0.5370,1.1598,0.4630,0.4805,0.9248,0.5195,0.5812,1.3878,0.4188,1.2528,58383.2310,73145.2900
324859.25400000,638621959.78363876,1624536000000,0.5484,1.2143,0.4516,0.4803,0.9241,0.5197,0.5949,1.4685,0.4051,1.0812,86547.2270,93572.6390
318917.19900000,630798000.13444900,1624539600000,0.5497,1.2207,0.4503,0.4801,0.9234,0.5199,0.5939,1.4624,0.4061,0.9263,54399.6370,50390.7720
320175.52400000,629913325.91760000,1624543200000,0.5602,1.2738,0.4398,0.4798,0.9224,0.5202,0.5994,1.4963,0.4006,1.0330,39012.4600,40300.4490
321440.05600000,631846950.66989639,1624546800000,0.5605,1.2753,0.4395,0.4790,0.9195,0.5210,0.6017,1.5107,0.3983,0.9823,161641.4400,158776.1740
316252.81600000,628039622.63470331,1624550400000,0.5426,1.1863,0.4574,0.4812,0.9275,0.5188,0.5810,1.3866,0.4190,1.0904,88937.0630,96974.8030
317721.07700000,639060997.06703000,1624554000000,0.5417,1.1820,0.4583,0.4820,0.9305,0.5180,0.5818,1.3912,0.4182,1.0776,92496.2750,99676.4290
319374.99800000,646685752.78149196,1624557600000,0.5425,1.1858,0.4575,0.4818,0.9299,0.5182,0.5799,1.3804,0.4201,1.0393,50325.3890,52301.4140
320707.52100000,645776664.28560000,1624561200000,0.5453,1.1993,0.4547,0.4812,0.9277,0.5188,0.5847,1.4079,0.4153,0.9549,30567.9190,29189.6400
315629.12600000,634792212.90466879,1624564800000,0.5422,1.1844,0.4578,0.4819,0.9300,0.5181,0.5803,1.3827,0.4197,0.9908,34679.3920,34359.9330
311465.98900000,624639450.48006868,1624568400000,0.5460,1.2026,0.4540,0.4810,0.9270,0.5190,0.5819,1.3918,0.4181,1.0158,32527.0660,33040.0750
315922.33100000,631668144.72253046,1624572000000,0.5455,1.2002,0.4545,0.4813,0.9278,0.5187,0.5794,1.3776,0.4206,0.8992,59281.8140,53307.5390
320367.85400000,635574581.87206000,1624575600000,0.5565,1.2548,0.4435,0.4820,0.9306,0.5180,0.5856,1.4131,0.4144,1.0962,40038.4660,43890.6670
316522.00300000,629762219.91501565,1624579200000,0.5579,1.2619,0.4421,0.4807,0.9256,0.5193,0.5912,1.4462,0.4088,1.0008,69443.5130,69498.4140
317861.57600000,630366734.90866614,1624582800000,0.5618,1.2821,0.4382,0.4795,0.9212,0.5205,0.5981,1.4882,0.4019,1.0464,70382.2490,73645.6080
316546.65400000,629297913.61854000,1624586400000,0.5621,1.2836,0.4379,0.4786,0.9177,0.5214,0.6019,1.5119,0.3981,1.0021,79809.9620,79978.4580
317764.55300000,637756035.35461875,1624590000000,0.5548,1.2462,0.4452,0.4803,0.9242,0.5197,0.5886,1.4307,0.4114,0.9751,56489.3130,55083.0360
312186.52800000,622981494.19800372,1624593600000,0.5801,1.3815,0.4199,0.4773,0.9130,0.5227,0.6147,1.5954,0.3853,0.8654,51324.0440,44413.3360
318889.09000000,630340539.11565422,1624597200000,0.5742,1.3485,0.4258,0.4757,0.9072,0.5243,0.6114,1.5733,0.3886,0.8620,63820.8930,55016.4960
321229.83400000,630593437.93204000,1624600800000,0.5678,1.3137,0.4322,0.4745,0.9030,0.5255,0.6066,1.5419,0.3934,0.9436,59879.9530,56501.8750
320041.24900000,629344177.71296285,1624604400000,0.5733,1.3436,0.4267,0.4746,0.9032,0.5254,0.6127,1.5820,0.3873,0.8917,101330.6640,90352.6630
323010.36100000,627859831.06953474,1624608000000,0.5774,1.3663,0.4226,0.4753,0.9059,0.5247,0.6153,1.5994,0.3847,0.9752,86363.6210,84218.3440
322904.47000000,624106530.57130000,1624611600000,0.5763,1.3602,0.4237,0.4767,0.9109,0.5233,0.6108,1.5694,0.3892,0.9352,81455.7630,76175.5740
326342.32900000,621930156.91504000,1624615200000,0.5714,1.3332,0.4286,0.4761,0.9087,0.5239,0.6090,1.5575,0.3910,0.9402,110474.8130,103868.7550
337341.52200000,634898837.25111096,1624618800000,0.5664,1.3063,0.4336,0.4753,0.9058,0.5247,0.5995,1.4969,0.4005,0.9858,143735.9780,141689.3720
341393.58600000,632172206.19192624,1624622400000,0.5652,1.2999,0.4348,0.4747,0.9038,0.5253,0.5987,1.4919,0.4013,0.9978,153688.2240,153354.7450
344999.91000000,641877117.52780175,1624626000000,0.5693,1.3218,0.4307,0.4736,0.8997,0.5264,0.6081,1.5517,0.3919,0.9606,131964.7100,126771.6660
346293.30100000,642480789.26643222,1624629600000,0.5739,1.3469,0.4261,0.4720,0.8940,0.5280,0.6150,1.5974,0.3850,0.9623,165258.3650,159024.9180
341503.95600000,623033812.55647543,1624633200000,0.5800,1.3810,0.4200,0.4687,0.8822,0.5313,0.6253,1.6688,0.3747,0.9824,170703.9430,167699.5810
347209.47800000,633546190.31704000,1624636800000,0.5742,1.3485,0.4258,0.4717,0.8929,0.5283,0.6125,1.5806,0.3875,1.0322,179035.1410,184794.6110
351799.30300000,639096203.79495000,1624640400000,0.5746,1.3507,0.4254,0.4706,0.8891,0.5294,0.6164,1.6069,0.3836,0.9543,110980.7980,105907.9880
345769.90500000,624370511.35067804,1624644000000,0.5714,1.3332,0.4286,0.4699,0.8865,0.5301,0.6158,1.6028,0.3842,1.0116,116887.5250,118239.7050
345541.72700000,634808528.34078000,1624647600000,0.5560,1.2523,0.4440,0.4713,0.8913,0.5287,0.6077,1.5491,0.3923,1.1914,111334.0720,132645.2290
342020.33600000,633169619.75332180,1624651200000,0.5618,1.2821,0.4382,0.4694,0.8847,0.5306,0.6202,1.6330,0.3798,1.0139,56277.7730,57061.6710
343107.52900000,640083386.67825972,1624654800000,0.5613,1.2795,0.4387,0.4713,0.8916,0.5287,0.6202,1.6330,0.3798,1.0541,71834.6200,75723.6220
336647.11600000,622147435.66612000,1624658400000,0.5547,1.2457,0.4453,0.4706,0.8888,0.5294,0.6141,1.5913,0.3859,0.9248,115812.4550,107099.6100
329603.91700000,593865889.18603101,1624662000000,0.5563,1.2538,0.4437,0.4702,0.8875,0.5298,0.6139,1.5900,0.3861,1.0960,62287.7940,68267.9840
322259.71800000,582815360.95528046,1624665600000,0.5596,1.2707,0.4404,0.4690,0.8831,0.5310,0.6176,1.6151,0.3824,1.0015,108311.2940,108477.5940
324435.18100000,595749302.00510689,1624669200000,0.5753,1.3546,0.4247,0.4807,0.9258,0.5193,0.6215,1.6420,0.3785,1.0263,77846.4610,79894.5670
325961.89100000,594428696.54612422,1624672800000,0.5734,1.3441,0.4266,0.4808,0.9259,0.5192,0.6215,1.6420,0.3785,1.0037,57486.8940,57696.8710
327579.71500000,596458806.39580042,1624676400000,0.5767,1.3624,0.4233,0.4809,0.9262,0.5191,0.6179,1.6171,0.3821,1.1270,44655.4090,50327.3180
334225.63300000,607348279.99330064,1624680000000,0.5770,1.3641,0.4230,0.4814,0.9284,0.5186,0.6184,1.6205,0.3816,1.2991,45016.9070,58480.1230
336306.86000000,616817650.65498449,1624683600000,0.5771,1.3646,0.4229,0.4815,0.9285,0.5185,0.6200,1.6316,0.3800,1.0627,59658.1950,63400.2750
336930.28900000,616851973.10120000,1624687200000,0.5759,1.3579,0.4241,0.4806,0.9251,0.5194,0.6237,1.6575,0.3763,0.9457,77963.5570,73728.9660
336490.12100000,607482439.94735000,1624690800000,0.5848,1.4085,0.4152,0.4809,0.9263,0.5191,0.6304,1.7056,0.3696,0.8483,244309.0770,207237.2040
349437.03300000,611531256.45001738,1624694400000,0.5686,1.3180,0.4314,0.4892,0.9576,0.5108,0.5987,1.4919,0.4013,1.0117,184150.7850,186298.3400
353853.19600000,612710963.00184000,1624698000000,0.5751,1.3535,0.4249,0.4889,0.9565,0.5111,0.6072,1.5458,0.3928,1.1461,146062.6380,167401.0030
357230.49600000,630511825.44000000,1624701600000,0.5707,1.3294,0.4293,0.4880,0.9532,0.5120,0.6133,1.5860,0.3867,0.9705,86310.6360,83767.4040
355209.61300000,626700032.16346004,1624705200000,0.5626,1.2862,0.4374,0.4894,0.9585,0.5106,0.6004,1.5025,0.3996,1.2028,114926.2540,138238.7760
348303.52300000,627134425.30242000,1624708800000,0.5667,1.3079,0.4333,0.4867,0.9483,0.5133,0.6116,1.5747,0.3884,0.9481,96943.5610,91912.8090
346527.13500000,617076566.57174402,1624712400000,0.5647,1.2973,0.4353,0.4873,0.9505,0.5127,0.6015,1.5094,0.3985,0.9136,136802.9720,124977.7710
349153.81500000,608334633.02150911,1624716000000,0.5650,1.2989,0.4350,0.4886,0.9554,0.5114,0.5947,1.4673,0.4053,1.1003,160814.3990,176950.0100
343290.01200000,610560978.81994967,1624719600000,0.5608,1.2769,0.4392,0.4879,0.9527,0.5121,0.6028,1.5176,0.3972,1.0592,101848.2970,107875.3770
336697.97800000,598888060.44838000,1624723200000,0.5550,1.2472,0.4450,0.4860,0.9456,0.5140,0.5935,1.4600,0.4065,0.9783,134063.0780,131156.8100
338059.31000000,595131740.38288436,1624726800000,0.5600,1.2727,0.4400,0.4857,0.9445,0.5143,0.6025,1.5157,0.3975,1.1481,83170.2210,95491.7100
338439.91600000,605255792.57692000,1624730400000,0.5529,1.2366,0.4471,0.4875,0.9512,0.5125,0.5934,1.4594,0.4066,1.0710,59679.8310,63916.3220
335731.55900000,598683230.63998000,1624734000000,0.5555,1.2497,0.4445,0.4882,0.9539,0.5118,0.5927,1.4552,0.4073,1.1004,35458.5830,39019.7200
334732.33400000,597195957.08940000,1624737600000,0.5520,1.2321,0.4480,0.4878,0.9524,0.5122,0.5904,1.4414,0.4096,0.9190,45711.7950,42008.7940
334414.43200000,590430844.64442323,1624741200000,0.5553,1.2487,0.4447,0.4878,0.9522,0.5122,0.5934,1.4594,0.4066,1.0167,40937.9180,41623.2170
333430.26400000,591120939.77967234,1624744800000,0.5602,1.2738,0.4398,0.4875,0.9513,0.5125,0.5995,1.4969,0.4005,1.0791,38872.8130,41947.7660
333536.23700000,597302805.45792332,1624748400000,0.5625,1.2857,0.4375,0.4890,0.9570,0.5110,0.6025,1.5157,0.3975,1.3373,57592.8730,77019.7050
326841.99900000,598182958.14981000,1624752000000,0.5620,1.2831,0.4380,0.4865,0.9474,0.5135,0.6089,1.5569,0.3911,1.0264,116229.1440,119293.2270
324578.95700000,595199908.18832000,1624755600000,0.5706,1.3288,0.4294,0.4865,0.9475,0.5135,0.6034,1.5214,0.3966,1.2082,81148.3220,98046.0960
335970.16400000,625919134.93528000,1624759200000,0.5631,1.2889,0.4369,0.4867,0.9481,0.5133,0.6024,1.5151,0.3976,1.0733,78238.7420,83972.1960
334946.26900000,630215790.23843627,1624762800000,0.5617,1.2815,0.4383,0.4863,0.9469,0.5137,0.6012,1.5075,0.3988,0.9059,68645.8840,62185.0300
331929.31800000,624548246.86926000,1624766400000,0.5545,1.2447,0.4455,0.4865,0.9474,0.5135,0.5886,1.4307,0.4114,1.0029,63372.7040,63557.3760
333504.22700000,626934586.08368000,1624770000000,0.5466,1.2056,0.4534,0.4873,0.9504,0.5127,0.5803,1.3827,0.4197,0.9479,64224.7590,60875.9560
340130.97200000,635516831.03095701,1624773600000,0.5379,1.1640,0.4621,0.4870,0.9491,0.5130,0.5683,1.3164,0.4317,1.0087,70074.8240,70681.9750
338154.60300000,628450423.12530288,1624777200000,0.5313,1.1336,0.4687,0.4874,0.9510,0.5126,0.5540,1.2422,0.4460,1.1424,61391.8360,70135.5990
334886.00700000,624696357.45780000,1624780800000,0.5415,1.1810,0.4585,0.4866,0.9477,0.5134,0.5670,1.3095,0.4330,0.9444,63264.5930,59747.4210
333886.11800000,616794503.50376000,1624784400000,0.5433,1.1896,0.4567,0.4862,0.9464,0.5138,0.5689,1.3196,0.4311,0.9343,108981.6760,101821.1280
333425.24100000,606745843.57353159,1624788000000,0.5438,1.1920,0.4562,0.4873,0.9503,0.5127,0.5608,1.2769,0.4392,1.0265,70935.9330,72813.0180
334066.80600000,608011608.92418000,1624791600000,0.5421,1.1839,0.4579,0.4874,0.9509,0.5126,0.5611,1.2784,0.4389,1.1280,84658.0370,95494.2020
329766.77400000,605860804.35022040,1624795200000,0.5500,1.2222,0.4500,0.4859,0.9452,0.5141,0.5768,1.3629,0.4232,1.1236,82024.7970,92162.9660
337882.99700000,626757207.21142081,1624798800000,0.5567,1.2558,0.4433,0.4837,0.9370,0.5163,0.5888,1.4319,0.4112,0.8990,75269.2310,67667.0290
334432.05400000,614942646.94403600,1624802400000,0.5476,1.2104,0.4524,0.4860,0.9454,0.5140,0.5733,1.3436,0.4267,1.1266,60130.9690,67742.2320
330633.27000000,607912249.22010000,1624806000000,0.5480,1.2124,0.4520,0.4861,0.9458,0.5139,0.5764,1.3607,0.4236,1.0329,59206.5180,61157.1890
328730.21200000,605939673.68871929,1624809600000,0.5515,1.2297,0.4485,0.4848,0.9409,0.5152,0.5809,1.3861,0.4191,0.8917,64452.1470,57469.7050
332484.01000000,608542697.89876678,1624813200000,0.5505,1.2247,0.4495,0.4849,0.9413,0.5151,0.5817,1.3906,0.4183,1.0468,41010.1090,42931.0970
333710.60300000,608943176.04790936,1624816800000,0.5527,1.2356,0.4473,0.4848,0.9409,0.5152,0.5851,1.4102,0.4149,0.8466,66943.0580,56673.9530
331091.79600000,602213768.23268840,1624820400000,0.5506,1.2252,0.4494,0.4847,0.9407,0.5153,0.5800,1.3810,0.4200,1.0147,31470.0050,31932.1880
332291.19800000,605388695.50537911,1624824000000,0.5548,1.2462,0.4452,0.4841,0.9385,0.5159,0.5854,1.4120,0.4146,0.8641,25381.7350,21931.5730
335674.49900000,609087065.57720209,1624827600000,0.5510,1.2272,0.4490,0.4848,0.9410,0.5152,0.5832,1.3992,0.4168,1.0283,41523.3100,42696.9800
335213.75500000,614872534.38385000,1624831200000,0.5532,1.2381,0.4468,0.4856,0.9439,0.5144,0.5872,1.4225,0.4128,1.2057,204249.4580,246271.7480
318953.29200000,623191162.08112766,1624834800000,0.5445,1.1954,0.4555,0.4806,0.9254,0.5194,0.5874,1.4237,0.4126,1.1263,99457.0640,112013.8540
314005.32000000,622050819.02640000,1624838400000,0.5439,1.1925,0.4561,0.4801,0.9234,0.5199,0.5882,1.4284,0.4118,0.9831,133072.9820,130820.3560
317545.67100000,627866672.84262294,1624842000000,0.5749,1.3524,0.4251,0.4845,0.9399,0.5155,0.5877,1.4254,0.4123,0.9239,67704.5540,62553.2680
316636.33600000,621344250.63203013,1624845600000,0.5750,1.3529,0.4250,0.4854,0.9432,0.5146,0.5756,1.3563,0.4244,1.1393,46703.5030,53211.5210
318993.12100000,627988997.58786000,1624849200000,0.5730,1.3419,0.4270,0.4859,0.9451,0.5141,0.5724,1.3386,0.4276,1.0873,31427.7760,34170.4980
321250.37600000,631960527.16344000,1624852800000,0.5668,1.3084,0.4332,0.4870,0.9492,0.5130,0.5650,1.2989,0.4350,1.2023,35976.4840,43253.2820
318350.17700000,627910705.61303000,1624856400000,0.5701,1.3261,0.4299,0.4872,0.9501,0.5128,0.5670,1.3095,0.4330,0.9940,67548.7280,67140.6360
319881.60600000,632421573.50752690,1624860000000,0.5711,1.3315,0.4289,0.4863,0.9467,0.5137,0.5690,1.3202,0.4310,1.1302,56894.7250,64303.8330
319496.18000000,634835714.69820000,1624863600000,0.5638,1.2925,0.4362,0.4868,0.9485,0.5132,0.5617,1.2815,0.4383,1.2087,179969.1170,217537.5560
345622.28100000,707617591.43526162,1624867200000,0.5601,1.2732,0.4399,0.4869,0.9491,0.5131,0.5721,1.3370,0.4279,0.9961,152956.9730,152355.9250
354290.11700000,731490121.39823084,1624870800000,0.5712,1.3321,0.4288,0.4876,0.9514,0.5124,0.5805,1.3838,0.4195,0.8607,116227.1330,100032.3020
343109.68400000,698447230.41320165,1624874400000,0.5658,1.3031,0.4342,0.4881,0.9534,0.5119,0.5596,1.2707,0.4404,0.9106,204598.7030,186306.2230
344630.77200000,687049014.44376000,1624878000000,0.5753,1.3546,0.4247,0.4863,0.9465,0.5137,0.5631,1.2889,0.4369,1.0594,85925.5630,91029.0070
337087.33800000,673787025.56130000,1624881600000,0.5823,1.3941,0.4177,0.4851,0.9420,0.5149,0.5749,1.3524,0.4251,1.0847,99678.2780,108125.4450
336975.20600000,679187006.70124000,1624885200000,0.5910,1.4450,0.4090,0.4839,0.9375,0.5161,0.5884,1.4295,0.4116,0.9790,72346.7820,70824.0110
341198.32100000,685269244.06544822,1624888800000,0.5970,1.4814,0.4030,0.4840,0.9382,0.5160,0.5922,1.4522,0.4078,1.1356,88566.5180,100579.9550
339843.17500000,695234325.76939378,1624892400000,0.5972,1.4826,0.4028,0.4843,0.9391,0.5157,0.5978,1.4863,0.4022,1.1278,242501.3030,273482.1590
350484.73200000,741187586.99700000,1624896000000,0.5914,1.4474,0.4086,0.4856,0.9441,0.5144,0.5943,1.4649,0.4057,0.9858,229019.4610,225767.7000
349461.08700000,736845691.16124000,1624899600000,0.5765,1.3613,0.4235,0.4848,0.9411,0.5152,0.5703,1.3272,0.4297,0.9503,118724.7740,112828.2640
346281.33100000,721505178.25798203,1624903200000,0.5758,1.3574,0.4242,0.4850,0.9416,0.5150,0.5626,1.2862,0.4374,1.0264,71534.3630,73424.0300
346539.54500000,722645843.97940000,1624906800000,0.5825,1.3952,0.4175,0.4850,0.9416,0.5150,0.5745,1.3502,0.4255,1.1248,106927.4050,120272.6830
343121.35100000,725255599.60870000,1624910400000,0.5984,1.4900,0.4016,0.4847,0.9404,0.5153,0.5908,1.4438,0.4092,1.0549,74124.2040,78195.1850
345345.26900000,735768455.96257000,1624914000000,0.6001,1.5006,0.3999,0.4846,0.9403,0.5154,0.5944,1.4655,0.4056,0.8987,55782.8120,50129.5130
348091.88600000,738676985.21725878,1624917600000,0.6001,1.5006,0.3999,0.4846,0.9403,0.5154,0.5941,1.4637,0.4059,0.9372,93678.7370,87794.1900
341769.08800000,716716673.19450549,1624921200000,0.5988,1.4925,0.4012,0.4851,0.9420,0.5149,0.5884,1.4295,0.4116,0.8298,81818.3740,67890.4150
334321.65900000,696562519.74309000,1624924800000,0.6101,1.5648,0.3899,0.4858,0.9448,0.5142,0.5927,1.4552,0.4073,1.1500,95242.2300,109531.8030
337284.13000000,720876671.08999069,1624928400000,0.6165,1.6076,0.3835,0.4846,0.9403,0.5154,0.6048,1.5304,0.3952,0.8992,78286.0910,70397.5270
335274.77400000,711117795.65400000,1624932000000,0.6150,1.5974,0.3850,0.4846,0.9403,0.5154,0.5990,1.4938,0.4010,0.8732,80954.8970,70691.9450
333920.11200000,696938022.55968000,1624935600000,0.6138,1.5893,0.3862,0.4841,0.9383,0.5159,0.5930,1.4570,0.4070,1.1638,49823.1980,57984.0850
335334.67400000,705342742.05087546,1624939200000,0.6221,1.6462,0.3779,0.4843,0.9390,0.5157,0.6066,1.5419,0.3934,0.9835,65934.0060,64846.7400
338583.47900000,717616827.43368769,1624942800000,0.6221,1.6462,0.3779,0.4848,0.9412,0.5152,0.6067,1.5426,0.3933,0.8643,73177.4260,63246.2150
337358.06500000,714183650.02435000,1624946400000,0.6156,1.6015,0.3844,0.4845,0.9397,0.5155,0.6017,1.5107,0.3983,1.1911,132606.6580,157941.2600
344490.25600000,744074823.39149637,1624950000000,0.6194,1.6274,0.3806,0.4847,0.9405,0.5153,0.6085,1.5543,0.3915,0.9095,109991.5320,100032.3250
343444.27400000,731455408.64579987,1624953600000,0.6225,1.6490,0.3775,0.4849,0.9412,0.5151,0.6063,1.5400,0.3937,0.9287,126222.1810,117221.2360
348753.49200000,748557086.25381539,1624957200000,0.6244,1.6624,0.3756,0.4841,0.9385,0.5159,0.6167,1.6089,0.3833,1.0582,103251.3060,109261.5990
346619.15900000,747878568.68178977,1624960800000,0.6159,1.6035,0.3841,0.4855,0.9438,0.5145,0.6040,1.5253,0.3960,1.0667,116910.3510,124712.9580
358344.53200000,778102149.89416000,1624964400000,0.6224,1.6483,0.3776,0.4856,0.9442,0.5144,0.6156,1.6015,0.3844,1.0884,83944.1750,91365.3440
364003.86500000,791530044.48115000,1624968000000,0.6190,1.6247,0.3810,0.4856,0.9441,0.5144,0.6149,1.5967,0.3851,0.9676,133988.9370,129643.2230
360325.01700000,782380915.91244000,1624971600000,0.6216,1.6427,0.3784,0.4848,0.9411,0.5152,0.6177,1.6157,0.3823,1.2408,159240.2350,197585.4660
350154.09600000,778978638.86241699,1624975200000,0.6245,1.6631,0.3755,0.4829,0.9340,0.5171,0.6321,1.7181,0.3679,0.9112,95515.1610,87035.0250
351316.76800000,780452871.89007331,1624978800000,0.6228,1.6511,0.3772,0.4829,0.9340,0.5171,0.6270,1.6810,0.3730,0.9196,89648.3150,82439.5570
347216.40700000,769914188.71773000,1624982400000,0.6142,1.5920,0.3858,0.4819,0.9300,0.5181,0.6140,1.5907,0.3860,0.9936,83019.8860,82489.6810
347461.32500000,772058989.34505134,1624986000000,0.6172,1.6123,0.3828,0.4823,0.9316,0.5177,0.6149,1.5967,0.3851,1.0928,77066.9390,84218.9790
348924.91400000,778182555.45344097,1624989600000,0.6169,1.6103,0.3831,0.4829,0.9337,0.5171,0.6182,1.6192,0.3818,0.9329,52815.0880,49272.3420
349677.47500000,776623181.65075000,1624993200000,0.6116,1.5747,0.3884,0.4841,0.9383,0.5159,0.6121,1.5780,0.3879,0.9653,31816.8820,30712.4870
349536.70200000,776579391.51165655,1624996800000,0.6169,1.6103,0.3831,0.4851,0.9422,0.5149,0.6148,1.5961,0.3852,0.8478,64563.5680,54737.6460
342495.83800000,750497715.11051505,1625000400000,0.6092,1.5589,0.3908,0.4864,0.9470,0.5136,0.6021,1.5132,0.3979,1.0359,54453.9780,56411.4850
342299.47800000,757611619.34166036,1625004000000,0.6089,1.5569,0.3911,0.4869,0.9490,0.5131,0.6060,1.5381,0.3940,0.8976,94339.1160,84681.3710
331251.46400000,719008646.83735062,1625007600000,0.6139,1.5900,0.3861,0.4861,0.9459,0.5139,0.6016,1.5100,0.3984,0.9842,60771.0420,59810.8710
331434.81100000,717479275.99365461,1625011200000,0.6189,1.6240,0.3811,0.4854,0.9431,0.5146,0.6031,1.5195,0.3969,1.0190,89865.8700,91576.0760
330783.56500000,718448671.83740000,1625014800000,0.6271,1.6817,0.3729,0.4839,0.9377,0.5161,0.6066,1.5419,0.3934,1.0597,52173.4300,55287.5920
330869.55700000,717583277.83046000,1625018400000,0.6292,1.6969,0.3708,0.4837,0.9368,0.5163,0.6061,1.5387,0.3939,0.9869,42283.9170,41731.1140
331961.85500000,720005345.78370000,1625022000000,0.6320,1.7174,0.3680,0.4835,0.9362,0.5165,0.6091,1.5582,0.3909,0.8520,117489.3540,100100.0000
326898.12400000,694884613.40470991,1625025600000,0.6311,1.7108,0.3689,0.4845,0.9398,0.5155,0.5972,1.4826,0.4028,0.8701,120114.7480,104517.4100
326662.20500000,684657941.12613766,1625029200000,0.6224,1.6483,0.3776,0.4858,0.9448,0.5142,0.5794,1.3776,0.4206,1.1598,79975.3060,92754.3980
327621.48400000,692834257.07416000,1625032800000,0.6274,1.6838,0.3726,0.4860,0.9454,0.5140,0.5910,1.4450,0.4090,1.1646,82704.1380,96317.3920
326711.35000000,697963258.34550000,1625036400000,0.6302,1.7042,0.3698,0.4859,0.9452,0.5141,0.6020,1.5126,0.3980,1.0908,95550.1530,104226.6050
325148.50200000,702506098.96614000,1625040000000,0.6396,1.7747,0.3604,0.4863,0.9466,0.5137,0.6185,1.6212,0.3815,0.8989,138217.1440,124240.9820
325391.30900000,688756969.90923870,1625043600000,0.6382,1.7640,0.3618,0.4874,0.9507,0.5126,0.6098,1.5628,0.3902,1.0379,91556.2440,95023.1250
325429.48800000,690081163.72075584,1625047200000,0.6281,1.6889,0.3719,0.4866,0.9480,0.5134,0.6000,1.5000,0.4000,1.1325,52995.2280,60017.5830
325462.32100000,694622521.35142142,1625050800000,0.6313,1.7122,0.3687,0.4860,0.9457,0.5140,0.6066,1.5419,0.3934,1.0440,105593.3010,110244.6060
321721.33100000,693414857.93303522,1625054400000,0.6234,1.6553,0.3766,0.4852,0.9425,0.5148,0.6001,1.5006,0.3999,0.8698,84485.8220,73483.3590
322757.24500000,690003146.90815644,1625058000000,0.6218,1.6441,0.3782,0.4857,0.9446,0.5143,0.5961,1.4759,0.4039,1.0731,73434.7300,78801.1210
326263.04100000,698955282.49847058,1625061600000,0.6282,1.6896,0.3718,0.4851,0.9422,0.5149,0.6073,1.5465,0.3927,0.8140,96785.5440,78784.9570
324329.55100000,688830560.18686000,1625065200000,0.6257,1.6717,0.3743,0.4850,0.9417,0.5150,0.6010,1.5063,0.3990,0.9539,129995.9210,124002.1960
329151.09100000,692127132.11250139,1625068800000,0.6235,1.6560,0.3765,0.4858,0.9448,0.5142,0.5883,1.4290,0.4117,1.0275,78817.3700,80983.5500
331128.26200000,697772684.31437587,1625072400000,0.6192,1.6261,0.3808,0.4870,0.9493,0.5130,0.5846,1.4073,0.4154,1.2260,80328.1880,98482.1650
328167.93200000,707308499.29183538,1625076000000,0.6190,1.6247,0.3810,0.4880,0.9530,0.5120,0.5881,1.4278,0.4119,1.1060,115345.5350,127569.9080
325585.94400000,721059033.73620011,1625079600000,0.6198,1.6302,0.3802,0.4842,0.9387,0.5158,0.6017,1.5107,0.3983,1.1034,117118.5290,129224.4700
329401.52000000,738920077.69440000,1625083200000,0.6168,1.6096,0.3832,0.4838,0.9373,0.5162,0.5985,1.4907,0.4015,0.9800,169435.6500,166041.3670
330929.24200000,740570004.20970000,1625086800000,0.6140,1.5907,0.3860,0.4844,0.9395,0.5156,0.5882,1.4284,0.4118,1.1419,92357.4530,105459.2860
334019.84200000,756320118.64892656,1625090400000,0.6147,1.5954,0.3853,0.4825,0.9324,0.5175,0.5938,1.4618,0.4062,0.9386,88045.0600,82638.9680
332828.80300000,751113665.11503575,1625094000000,0.6149,1.5967,0.3851,0.4834,0.9357,0.5166,0.5894,1.4355,0.4106,1.1374,74043.2780,84220.0530
335427.49100000,763097542.02500000,1625097600000,0.6106,1.5681,0.3894,0.4840,0.9380,0.5160,0.5874,1.4237,0.4126,0.9835,89208.1770,87737.5060
333976.90500000,750012514.12339138,1625101200000,0.6158,1.6028,0.3842,0.4862,0.9461,0.5138,0.5819,1.3918,0.4181,1.0743,46223.2330,49656.0110
333047.36900000,752920027.99491088,1625104800000,0.6196,1.6288,0.3804,0.4864,0.9471,0.5136,0.5848,1.4085,0.4152,0.8166,132239.0110,107987.4010
340246.19100000,747999525.79724494,1625108400000,0.6218,1.6441,0.3782,0.4866,0.9476,0.5134,0.5739,1.3469,0.4261,0.8553,77628.3390,66397.4590
339331.49100000,741689400.47137141,1625112000000,0.6204,1.6344,0.3796,0.4873,0.9506,0.5127,0.5726,1.3397,0.4274,1.0180,65143.8540,66318.0830
342066.31300000,755326904.89641891,1625115600000,0.6263,1.6759,0.3737,0.4865,0.9473,0.5135,0.5846,1.4073,0.4154,1.0738,48269.5240,51830.1290
339363.36900000,751615202.39382000,1625119200000,0.6300,1.7027,0.3700,0.4855,0.9438,0.5145,0.5937,1.4612,0.4063,0.8606,150696.2950,129691.1140
334961.15600000,723376086.19469435,1625122800000,0.6262,1.6752,0.3738,0.4880,0.9531,0.5120,0.5763,1.3602,0.4237,0.8634,140683.9050,121471.5980
337640.79000000,718660271.33902651,1625126400000,0.6253,1.6688,0.3747,0.4884,0.9548,0.5116,0.5690,1.3202,0.4310,1.0331,130188.7430,134491.9470
338752.65300000,719252459.93899507,1625130000000,0.6392,1.7716,0.3608,0.4895,0.9587,0.5105,0.5857,1.4137,0.4143,0.9212,126612.4570,116631.9220
346449.83200000,730723946.13707501,1625133600000,0.6452,1.8185,0.3548,0.4880,0.9531,0.5120,0.5977,1.4857,0.4023,1.0853,89882.6950,97549.7750
344951.96500000,728210845.71325000,1625137200000,0.6496,1.8539,0.3504,0.4882,0.9538,0.5118,0.6080,1.5510,0.3920,1.0729,106618.8450,114395.7940
346830.56500000,741641670.36210000,1625140800000,0.6661,1.9949,0.3339,0.4864,0.9471,0.5136,0.6356,1.7442,0.3644,0.9154,133430.0050,122145.5920
336912.56800000,716478267.10880000,1625144400000,0.6663,1.9967,0.3337,0.4872,0.9501,0.5128,0.6342,1.7337,0.3658,0.9529,79799.4910,76043.1780
338139.76200000,713897005.13750495,1625148000000,0.6647,1.9824,0.3353,0.4868,0.9485,0.5132,0.6317,1.7152,0.3683,0.8536,163556.2650,139604.4330
336677.79100000,704575713.55943000,1625151600000,0.6506,1.8620,0.3494,0.4953,0.9814,0.5047,0.6099,1.5634,0.3901,1.1262,126751.3480,142745.8410
337145.27100000,713860402.27548245,1625155200000,0.6525,1.8777,0.3475,0.4940,0.9762,0.5060,0.6171,1.6116,0.3829,0.9507,127377.9420,121093.9000
332362.20200000,691951515.58784000,1625158800000,0.6457,1.8225,0.3543,0.4932,0.9730,0.5068,0.6158,1.6028,0.3842,1.1569,61903.0030,71617.9310
327451.88300000,688789036.64782608,1625162400000,0.6462,1.8265,0.3538,0.4923,0.9696,0.5077,0.6166,1.6082,0.3834,0.9342,67777.1790,63318.7590
327900.14200000,692788007.91632259,1625166000000,0.6446,1.8137,0.3554,0.4923,0.9697,0.5077,0.6150,1.5974,0.3850,0.9343,95950.8590,89650.4390
330797.86600000,694419184.88838657,1625169600000,0.6385,1.7663,0.3615,0.4934,0.9738,0.5066,0.6177,1.6157,0.3823,1.0579,59628.9590,63083.5380
325750.33600000,690695716.20781781,1625173200000,0.6364,1.7503,0.3636,0.4943,0.9773,0.5057,0.6111,1.5714,0.3889,1.0754,62665.6090,67391.4190
326456.85700000,695131114.74724000,1625176800000,0.6418,1.7917,0.3582,0.4954,0.9817,0.5046,0.6147,1.5954,0.3853,1.0440,36984.5690,38611.4510
327180.33000000,696335627.14383145,1625180400000,0.6458,1.8233,0.3542,0.4961,0.9844,0.5039,0.6170,1.6110,0.3830,0.9139,57838.6720,52858.8290
324295.97800000,683511775.42999720,1625184000000,0.6447,1.8145,0.3553,0.4963,0.9854,0.5037,0.6149,1.5967,0.3851,1.0308,69670.2350,71816.9370
320692.38200000,684477124.47065436,1625187600000,0.6198,1.6302,0.3802,0.4826,0.9329,0.5174,0.6098,1.5628,0.3902,0.8522,82989.0800,70727.1390
323733.74500000,675256794.67080000,1625191200000,0.6295,1.6991,0.3705,0.4829,0.9337,0.5171,0.6197,1.6295,0.3803,1.1465,55309.1090,63414.5180
330180.49900000,691270677.86709259,1625194800000,0.6307,1.7078,0.3693,0.4827,0.9330,0.5173,0.6247,1.6645,0.3753,0.7743,145882.0870,112953.1840
335871.72900000,685645188.86331000,1625198400000,0.6203,1.6337,0.3797,0.4858,0.9447,0.5142,0.5989,1.4931,0.4011,1.1214,71701.4110,80405.8480
337708.00700000,693512422.99079303,1625202000000,0.6243,1.6617,0.3757,0.4851,0.9420,0.5149,0.6084,1.5536,0.3916,0.8891,73157.2940,65045.2810
340922.53200000,692736874.54848034,1625205600000,0.6208,1.6371,0.3792,0.4861,0.9459,0.5139,0.5985,1.4907,0.4015,1.1029,73446.0880,81004.5950
348009.78600000,707712354.01088806,1625209200000,0.6188,1.6233,0.3812,0.4866,0.9479,0.5134,0.5955,1.4722,0.4045,1.2341,81180.3280,100182.7620
344868.82500000,710215960.82850000,1625212800000,0.6226,1.6497,0.3774,0.4871,0.9498,0.5129,0.6118,1.5760,0.3882,1.0678,109510.8610,116933.3530
347810.70300000,716322091.58799012,1625216400000,0.6116,1.5747,0.3884,0.4875,0.9512,0.5125,0.5989,1.4931,0.4011,0.9381,89562.9580,84016.2320
350837.34900000,715312167.05164380,1625220000000,0.6151,1.5981,0.3849,0.4877,0.9521,0.5123,0.6007,1.5044,0.3993,1.0396,87524.5140,90989.4760
347749.87500000,708616875.28500000,1625223600000,0.6304,1.7056,0.3696,0.4858,0.9447,0.5142,0.6197,1.6295,0.3803,0.9900,98944.3070,97955.7220
347045.12700000,707277968.82600000,1625227200000,0.6309,1.7093,0.3691,0.4856,0.9439,0.5144,0.6199,1.6309,0.3801,1.1369,87967.1350,100011.8330
345744.85400000,711242111.50902000,1625230800000,0.6184,1.6205,0.3816,0.4874,0.9507,0.5126,0.6081,1.5517,0.3919,1.0140,112895.4650,114471.9340
345581.09900000,715449637.63772000,1625234400000,0.6038,1.5240,0.3962,0.4879,0.9526,0.5121,0.5906,1.4426,0.4094,1.2197,130329.9720,158967.9060
345596.55600000,730649870.79852000,1625238000000,0.5965,1.4783,0.4035,0.4869,0.9491,0.5131,0.5958,1.4740,0.4042,1.0065,107878.9220,108580.8310
353170.83000000,749845242.83940000,1625241600000,0.5913,1.4468,0.4087,0.4874,0.9510,0.5126,0.5895,1.4361,0.4105,0.8887,80894.4360,71891.8610
349011.83700000,736886389.41906971,1625245200000,0.5953,1.4710,0.4047,0.4874,0.9507,0.5126,0.5874,1.4237,0.4126,0.9852,57625.0670,56773.9760
349395.09200000,736776418.40224000,1625248800000,0.5929,1.4564,0.4071,0.4873,0.9504,0.5127,0.5858,1.4143,0.4142,0.9504,64875.1490,61660.5020
339608.50900000,710637181.91486958,1625252400000,0.5941,1.4637,0.4059,0.4876,0.9516,0.5124,0.5799,1.3804,0.4201,1.0702,37849.9590,40507.3820
337781.02900000,710110301.64612000,1625256000000,0.5967,1.4795,0.4033,0.4867,0.9484,0.5133,0.5840,1.4038,0.4160,0.8999,38088.3620,34274.7620
334189.81600000,698476766.82896000,1625259600000,0.5980,1.4876,0.4020,0.4862,0.9462,0.5138,0.5845,1.4067,0.4155,1.2564,32606.9490,40968.5010
338233.74100000,713023784.72728000,1625263200000,0.6045,1.5284,0.3955,0.4870,0.9492,0.5130,0.5934,1.4594,0.4066,1.3058,59563.0250,77779.5280
332928.86900000,718271216.27905263,1625266800000,0.6006,1.5038,0.3994,0.4849,0.9415,0.5151,0.6019,1.5119,0.3981,0.9345,71732.8840,67036.2080
326905.12400000,703731929.48604000,1625270400000,0.5972,1.4826,0.4028,0.4855,0.9436,0.5145,0.5946,1.4667,0.4054,0.9401,70448.6910,66231.0470
325187.93700000,695030681.50884000,1625274000000,0.6027,1.5170,0.3973,0.4851,0.9420,0.5149,0.5859,1.4149,0.4141,1.1842,35021.8220,41473.7470
330202.85400000,709817101.72223742,1625277600000,0.6048,1.5304,0.3952,0.4853,0.9427,0.5147,0.5916,1.4486,0.4084,0.8992,43087.9700,38745.1470
333276.74800000,714075427.49732000,1625281200000,0.6030,1.5189,0.3970,0.4852,0.9426,0.5148,0.5894,1.4355,0.4106,0.8733,78007.3970,68125.3180
324431.23500000,691301496.38960653,1625284800000,0.6081,1.5517,0.3919,0.4848,0.9409,0.5152,0.5896,1.4366,0.4104,1.0888,52993.9410,57699.7240
324997.42900000,694909502.68780000,1625288400000,0.6090,1.5575,0.3910,0.4842,0.9388,0.5158,0.5919,1.4504,0.4081,1.1182,43446.5730,48583.2420
328021.23100000,703438249.66719000,1625292000000,0.6059,1.5374,0.3941,0.4849,0.9415,0.5151,0.5921,1.4516,0.4079,0.9227,40331.1460,37215.0290
331839.30700000,710803113.98707000,1625295600000,0.6047,1.5297,0.3953,0.4846,0.9402,0.5154,0.5909,1.4444,0.4091,1.1512,136096.2930,156672.3900
329208.96700000,722370067.92942000,1625299200000,0.5960,1.4752,0.4040,0.4845,0.9399,0.5155,0.5914,1.4474,0.4086,0.9729,85030.4540,82723.3610
334979.40500000,734884518.27710000,1625302800000,0.5927,1.4552,0.4073,0.4863,0.9468,0.5137,0.5816,1.3901,0.4184,1.1497,92690.1880,106563.2070
345453.58400000,765102482.46487735,1625306400000,0.5922,1.4522,0.4078,0.4871,0.9497,0.5129,0.5901,1.4396,0.4099,0.9842,51487.5610,50672.1790
353568.03200000,784295636.26324767,1625310000000,0.5865,1.4184,0.4135,0.4881,0.9535,0.5119,0.5814,1.3889,0.4186,0.9673,71819.7560,69467.7740
345434.91700000,764228095.07703872,1625313600000,0.5801,1.3815,0.4199,0.4875,0.9512,0.5125,0.5670,1.3095,0.4330,1.1327,79554.8300,90111.2810
353461.66100000,783398286.97396000,1625317200000,0.5784,1.3719,0.4216,0.4876,0.9516,0.5124,0.5682,1.3159,0.4318,1.0960,65702.3050,72009.2730
360032.76600000,804612026.43978000,1625320800000,0.5680,1.3148,0.4320,0.4895,0.9590,0.5105,0.5568,1.2563,0.4432,0.9982,61451.4240,61341.9920
363146.03700000,808981982.99255391,1625324400000,0.5701,1.3261,0.4299,0.4890,0.9568,0.5110,0.5606,1.2758,0.4394,0.9213,54734.4690,50429.5450
361994.07200000,805187034.29032000,1625328000000,0.5718,1.3354,0.4282,0.4888,0.9561,0.5112,0.5569,1.2568,0.4431,0.9777,55847.9580,54603.3670
359984.38100000,796119857.95674000,1625331600000,0.5749,1.3524,0.4251,0.4888,0.9561,0.5112,0.5548,1.2462,0.4452,1.1692,49299.1800,57638.6400
357562.25300000,795225244.35838262,1625335200000,0.5823,1.3941,0.4177,0.4881,0.9536,0.5119,0.5647,1.2973,0.4353,0.8880,46722.5820,41491.9600
355710.61100000,788690297.70796044,1625338800000,0.5829,1.3975,0.4171,0.4877,0.9521,0.5123,0.5652,1.2999,0.4348,1.1522,23083.9870,26597.1030
354971.60900000,789637462.51829529,1625342400000,0.5820,1.3923,0.4180,0.4881,0.9534,0.5119,0.5629,1.2878,0.4371,1.0342,26998.4370,27922.8820
355825.20400000,789604593.69232000,1625346000000,0.5822,1.3935,0.4178,0.4875,0.9511,0.5125,0.5643,1.2952,0.4357,0.7633,60945.9540,46522.8050
348984.06400000,764778616.26950235,1625349600000,0.5865,1.4184,0.4135,0.4882,0.9540,0.5118,0.5578,1.2614,0.4422,1.0993,71413.1370,78503.3310
354929.09400000,782550119.89146369,1625353200000,0.5775,1.3669,0.4225,0.4888,0.9560,0.5112,0.5483,1.2139,0.4517,1.1775,63488.2950,74756.3710
353933.59400000,787948202.97844000,1625356800000,0.5722,1.3375,0.4278,0.4890,0.9571,0.5110,0.5452,1.1988,0.4548,0.9706,58927.5680,57196.6900
348541.11000000,768900433.67839712,1625360400000,0.5820,1.3923,0.4180,0.4867,0.9480,0.5133,0.5475,1.2099,0.4525,0.9254,67847.3240,62784.3530
350189.04500000,768934599.33965000,1625364000000,0.5891,1.4337,0.4109,0.4881,0.9533,0.5119,0.5539,1.2416,0.4461,0.8582,44377.0950,38085.3770
350572.62600000,773920623.43134000,1625367600000,0.5888,1.4319,0.4112,0.4878,0.9525,0.5122,0.5554,1.2492,0.4446,0.8716,33778.2240,29442.0150
349839.11700000,773160074.02221229,1625371200000,0.5889,1.4325,0.4111,0.4879,0.9527,0.5121,0.5567,1.2558,0.4433,1.1191,38881.4030,43510.6090
352594.85000000,784259095.11250000,1625374800000,0.5833,1.3998,0.4167,0.4882,0.9539,0.5118,0.5528,1.2361,0.4472,1.2296,118561.1790,145788.1790
352729.44000000,803979739.88640000,1625378400000,0.5836,1.4015,0.4164,0.4858,0.9448,0.5142,0.5640,1.2936,0.4360,1.0964,133968.4600,146882.7810
354146.42100000,823188180.65577287,1625382000000,0.5978,1.4863,0.4022,0.4844,0.9393,0.5156,0.5935,1.4600,0.4065,1.1827,104818.7400,123972.0570
348845.10600000,813995170.34040000,1625385600000,0.6015,1.5094,0.3985,0.4835,0.9363,0.5165,0.6027,1.5170,0.3973,0.8543,78911.1870,67414.3550
349769.78700000,814853160.50698782,1625389200000,0.5941,1.4637,0.4059,0.4845,0.9401,0.5155,0.5883,1.4290,0.4117,1.0014,62062.6410,62148.5540
343934.33800000,799092412.87027903,1625392800000,0.5933,1.4588,0.4067,0.4841,0.9382,0.5159,0.5807,1.3849,0.4193,0.9723,51334.1720,49909.7870
344707.17100000,804965117.16892976,1625396400000,0.6033,1.5208,0.3967,0.4832,0.9350,0.5168,0.5952,1.4704,0.4048,0.8012,44421.3270,35588.8590
345816.34600000,805726980.21759878,1625400000000,0.6015,1.5094,0.3985,0.4840,0.9381,0.5160,0.5914,1.4474,0.4086,0.7806,61579.5700,48069.5740
344559.84200000,794944348.27346000,1625403600000,0.6003,1.5019,0.3997,0.4842,0.9388,0.5158,0.5832,1.3992,0.4168,0.9725,43682.0580,42478.9080
347214.41900000,804232664.96253300,1625407200000,0.6028,1.5176,0.3972,0.4840,0.9378,0.5160,0.5879,1.4266,0.4121,1.0477,35940.8710,37656.5020
348044.09000000,808096300.25376051,1625410800000,0.6071,1.5452,0.3929,0.4838,0.9370,0.5162,0.5949,1.4685,0.4051,1.0595,37357.3670,39579.7180
349341.74200000,813606436.86574000,1625414400000,0.6104,1.5667,0.3896,0.4843,0.9392,0.5157,0.6017,1.5107,0.3983,1.0344,154496.1090,159803.4780
351372.62500000,827281046.56510949,1625418000000,0.6057,1.5361,0.3943,0.4842,0.9386,0.5158,0.6032,1.5202,0.3968,1.0104,62832.7820,63484.1620
354130.26900000,837160414.61331000,1625421600000,0.6057,1.5361,0.3943,0.4846,0.9403,0.5154,0.6063,1.5400,0.3937,0.8763,39137.7670,34296.5450
353739.88700000,832194308.56072000,1625425200000,0.6051,1.5323,0.3949,0.4833,0.9353,0.5167,0.6046,1.5291,0.3954,1.0242,27446.7350,28112.1840
355405.94800000,837268892.64501122,1625428800000,0.6062,1.5394,0.3938,0.4835,0.9360,0.5165,0.6067,1.5426,0.3933,0.9266,29883.7890,27690.9210
356401.21300000,837460878.27101000,1625432400000,0.6066,1.5419,0.3934,0.4830,0.9344,0.5170,0.6052,1.5329,0.3948,1.1807,62532.1380,73829.3260
354479.20500000,844677863.21835000,1625436000000,0.6116,1.5747,0.3884,0.4828,0.9334,0.5172,0.6162,1.6055,0.3838,0.7275,106003.2290,77122.0960
345750.29600000,804792591.49032000,1625439600000,0.6035,1.5221,0.3965,0.4838,0.9372,0.5162,0.5972,1.4826,0.4028,0.9684,105250.0660,101925.1270
342768.49600000,795985903.34897907,1625443200000,0.6048,1.5304,0.3952,0.4831,0.9346,0.5169,0.5975,1.4845,0.4025,0.9563,96343.0440,92130.6370
345227.34900000,797301319.72811406,1625446800000,0.6163,1.6062,0.3837,0.4842,0.9386,0.5158,0.5945,1.4661,0.4055,0.7877,154563.1520,121742.5590
352014.07100000,798278986.30406683,1625450400000,0.6230,1.6525,0.3770,0.4858,0.9447,0.5142,0.5857,1.4137,0.4143,0.9363,94868.8850,88828.6290
356605.89300000,805343499.16347282,1625454000000,0.6223,1.6476,0.3777,0.4868,0.9487,0.5132,0.5791,1.3759,0.4209,1.1034,62171.3500,68596.9590
356283.27100000,806618136.16444265,1625457600000,0.6277,1.6860,0.3723,0.4864,0.9471,0.5136,0.5864,1.4178,0.4136,0.9852,97438.2480,95992.8260
355295.12000000,803922715.07280000,1625461200000,0.6360,1.7473,0.3640,0.4907,0.9635,0.5093,0.5990,1.4938,0.4010,1.0552,65070.1010,68661.3560
360746.25900000,819445995.98280010,1625464800000,0.6342,1.7337,0.3658,0.4913,0.9656,0.5087,0.5992,1.4950,0.4008,1.0832,93360.6490,101130.8990
363169.89800000,830249967.21576000,1625468400000,0.6416,1.7902,0.3584,0.4910,0.9646,0.5090,0.6149,1.5967,0.3851,0.8816,78544.8310,69242.1360
357711.06800000,812894645.96720401,1625472000000,0.6399,1.7770,0.3601,0.4921,0.9689,0.5079,0.6112,1.5720,0.3888,1.0329,53293.9230,55049.5540
358679.57600000,815425143.18557104,1625475600000,0.6364,1.7503,0.3636,0.4904,0.9622,0.5096,0.6089,1.5569,0.3911,0.9817,54707.6810,53704.7820
362617.39800000,826484038.44950642,1625479200000,0.6374,1.7579,0.3626,0.4908,0.9637,0.5092,0.6116,1.5747,0.3884,1.1204,89119.5400,99852.0170
377934.37700000,870001156.51023000,1625482800000,0.6517,1.8711,0.3483,0.4898,0.9599,0.5102,0.6365,1.7510,0.3635,0.8499,305669.1260,259791.7930
354980.37900000,778892111.18834887,1625486400000,0.6450,1.8169,0.3550,0.4893,0.9582,0.5107,0.6087,1.5556,0.3913,1.0585,125794.9210,133153.4320
347584.21100000,768327946.73128000,1625490000000,0.6514,1.8686,0.3486,0.4884,0.9547,0.5116,0.6238,1.6582,0.3762,1.0648,81792.4750,87096.0560
353800.90500000,786418779.88114869,1625493600000,0.6600,1.9412,0.3400,0.4887,0.9559,0.5113,0.6389,1.7693,0.3611,0.9321,72961.8550,68008.7100
356509.47100000,793521368.91751230,1625497200000,0.6571,1.9163,0.3429,0.4901,0.9611,0.5099,0.6346,1.7367,0.3654,0.8951,86879.4670,77764.8640
358632.04300000,791399540.00250794,1625500800000,0.6612,1.9516,0.3388,0.4890,0.9568,0.5110,0.6377,1.7601,0.3623,1.0388,61104.5750,63474.1050
359086.53100000,794859581.56036000,1625504400000,0.6615,1.9542,0.3385,0.4892,0.9576,0.5108,0.6402,1.7793,0.3598,0.8764,202058.8960,177081.7890
349088.03000000,772132582.22487441,1625508000000,0.6689,2.0202,0.3311,0.4904,0.9623,0.5096,0.6426,1.7980,0.3574,1.0454,109170.5270,114124.6360
352424.50700000,783505073.50405420,1625511600000,0.6720,2.0488,0.3280,0.4900,0.9610,0.5100,0.6498,1.8555,0.3502,0.9994,64596.2840,64554.3050
350366.50300000,786176885.08661000,1625515200000,0.6711,2.0404,0.3289,0.4904,0.9622,0.5096,0.6526,1.8785,0.3474,0.9180,104085.2730,95549.0590
339260.04300000,751755306.76222153,1625518800000,0.6692,2.0230,0.3308,0.4894,0.9584,0.5106,0.6466,1.8297,0.3534,1.0710,47422.5740,50791.2400
338613.27300000,759197626.57015493,1625522400000,0.6715,2.0441,0.3285,0.4898,0.9602,0.5102,0.6519,1.8727,0.3481,0.8407,41545.4110,34925.4410
338495.75700000,754029763.33563000,1625526000000,0.6715,2.0441,0.3285,0.4904,0.9624,0.5096,0.6491,1.8498,0.3509,0.8240,61818.4650,50936.6120
341612.74000000,749677608.05248826,1625529600000,0.6710,2.0395,0.3290,0.4897,0.9598,0.5103,0.6463,1.8273,0.3537,1.0804,91238.0540,98577.8240
339686.23700000,759325146.92037248,1625533200000,0.6472,1.8345,0.3528,0.4834,0.9358,0.5166,0.6420,1.7933,0.3580,0.9786,46134.6880,45147.4370
340602.14200000,755397648.59186000,1625536800000,0.6524,1.8769,0.3476,0.4829,0.9338,0.5171,0.6463,1.8273,0.3537,1.0698,53057.9310,56762.6580
333192.81000000,743852300.16502671,1625540400000,0.6540,1.8902,0.3460,0.4828,0.9337,0.5172,0.6491,1.8498,0.3509,0.8691,41574.3910,36131.9950
334154.82200000,747146791.15446000,1625544000000,0.6518,1.8719,0.3482,0.4829,0.9338,0.5171,0.6458,1.8233,0.3542,1.1616,168250.3330,195446.8080
335684.97900000,777594112.75476000,1625547600000,0.6406,1.7824,0.3594,0.4817,0.9294,0.5183,0.6470,1.8329,0.3530,1.0497,82050.7870,86129.4140
339905.47100000,788206796.70190000,1625551200000,0.6389,1.7693,0.3611,0.4814,0.9282,0.5186,0.6453,1.8193,0.3547,0.9475,69378.1250,65735.4480
342285.97000000,793418878.46000000,1625554800000,0.6387,1.7678,0.3613,0.4821,0.9307,0.5179,0.6432,1.8027,0.3568,1.1250,57392.3950,64566.5150
345296.59600000,806678454.60924000,1625558400000,0.6351,1.7405,0.3649,0.4824,0.9320,0.5176,0.6428,1.7996,0.3572,0.9094,94930.2580,86332.8540
355911.63100000,833150838.17982976,1625562000000,0.6320,1.7174,0.3680,0.4834,0.9356,0.5166,0.6374,1.7579,0.3626,0.8538,143103.6200,122175.0490
333185.35100000,759543446.14161667,1625565600000,0.6467,1.8305,0.3533,0.4834,0.9356,0.5166,0.6420,1.7933,0.3580,0.9495,75433.7230,71623.6950
337653.17700000,766183388.11426932,1625569200000,0.6424,1.7964,0.3576,0.4839,0.9377,0.5161,0.6345,1.7360,0.3655,1.0200,97964.6540,99919.4500
345077.63800000,790943874.26335690,1625572800000,0.6489,1.8482,0.3511,0.4825,0.9325,0.5175,0.6467,1.8305,0.3533,1.0339,124006.1950,128209.3890
353758.62700000,823626723.77511090,1625576400000,0.6390,1.7701,0.3610,0.4832,0.9349,0.5168,0.6393,1.7724,0.3607,0.9241,97839.2050,90411.1890
347519.52600000,799993424.04726000,1625580000000,0.6331,1.7255,0.3669,0.4818,0.9297,0.5182,0.6236,1.6567,0.3764,1.0076,67209.5780,67719.4190
349486.39100000,805129273.26625000,1625583600000,0.6432,1.8027,0.3568,0.4811,0.9271,0.5189,0.6390,1.7701,0.3610,1.0507,79940.0260,83990.2040
347105.11900000,799816970.45575000,1625587200000,0.6441,1.8098,0.3559,0.4816,0.9288,0.5184,0.6377,1.7601,0.3623,0.9711,75108.0050,72934.1730
344129.49100000,795733035.71193045,1625590800000,0.6412,1.7871,0.3588,0.4808,0.9262,0.5192,0.6348,1.7382,0.3652,1.0173,76310.3900,77631.7420
343814.82200000,797226881.73897830,1625594400000,0.6354,1.7427,0.3646,0.4812,0.9276,0.5188,0.6279,1.6874,0.3721,0.9595,43045.1750,41299.8890
342947.50600000,792507103.19022000,1625598000000,0.6294,1.6983,0.3706,0.4817,0.9295,0.5183,0.6190,1.6247,0.3810,1.1583,26738.8830,30972.3220
345903.60200000,804796615.59330000,1625601600000,0.6296,1.6998,0.3704,0.4820,0.9304,0.5180,0.6210,1.6385,0.3790,0.8823,32707.0520,28857.8050
345681.87700000,797906365.31017000,1625605200000,0.6343,1.7345,0.3657,0.4816,0.9289,0.5184,0.6247,1.6645,0.3753,0.7984,51053.3850,40762.3780
341211.45700000,780203442.43796841,1625608800000,0.6369,1.7541,0.3631,0.4818,0.9296,0.5182,0.6263,1.6759,0.3737,1.1415,31682.1210,36164.5810
342718.68600000,791047093.27065669,1625612400000,0.6370,1.7548,0.3630,0.4822,0.9311,0.5178,0.6276,1.6853,0.3724,1.1074,30774.1830,34079.9000
341871.57400000,793987802.29013598,1625616000000,0.6304,1.7056,0.3696,0.4823,0.9318,0.5177,0.6216,1.6427,0.3784,1.0532,70779.5930,74547.4150
337921.74800000,783066561.15170681,1625619600000,0.6512,1.8670,0.3488,0.4844,0.9397,0.5156,0.6299,1.7020,0.3701,0.9534,55960.0370,53354.2670
340326.24700000,788866030.75859000,1625623200000,0.6479,1.8401,0.3521,0.4842,0.9387,0.5158,0.6278,1.6867,0.3722,0.9156,35202.0820,32232.5870
346127.02100000,804464960.93799000,1625626800000,0.6495,1.8531,0.3505,0.4839,0.9374,0.5161,0.6298,1.7012,0.3702,1.0269,63002.4760,64698.5190
360395.74500000,842457466.72347955,1625630400000,0.6402,1.7793,0.3598,0.4851,0.9420,0.5149,0.6159,1.6035,0.3841,1.2941,112635.2590,145765.4780
369260.69600000,883039355.04476033,1625634000000,0.6218,1.6441,0.3782,0.4847,0.9405,0.5153,0.6058,1.5368,0.3942,0.9684,61810.8850,59858.6230
369607.42600000,881221721.14346000,1625637600000,0.6083,1.5530,0.3917,0.4846,0.9402,0.5154,0.5890,1.4331,0.4110,0.8782,47730.7090,41914.8050
372391.47000000,887546657.85390000,1625641200000,0.6064,1.5407,0.3936,0.4845,0.9397,0.5155,0.5838,1.4027,0.4162,0.9864,107694.4760,106227.7160
368483.45200000,875516681.95200000,1625644800000,0.6077,1.5491,0.3923,0.4840,0.9382,0.5160,0.5831,1.3987,0.4169,1.0008,72454.3000,72512.3490
374427.72400000,891807321.74165895,1625648400000,0.6037,1.5233,0.3963,0.4849,0.9416,0.5151,0.5790,1.3753,0.4210,0.8839,65300.4190,57721.7880
370569.79700000,880847177.58569782,1625652000000,0.6092,1.5589,0.3908,0.4846,0.9401,0.5154,0.5832,1.3992,0.4168,0.8938,50979.8960,45567.2830
368962.03500000,875141050.81650000,1625655600000,0.6171,1.6116,0.3829,0.4843,0.9391,0.5157,0.5909,1.4444,0.4091,0.9692,63651.7990,61688.6700
371723.26300000,886043286.91943000,1625659200000,0.6144,1.5934,0.3856,0.4834,0.9358,0.5166,0.5924,1.4534,0.4076,1.0876,70821.9740,77027.3850
370875.46200000,883295544.07230000,1625662800000,0.6221,1.6462,0.3779,0.4839,0.9375,0.5161,0.6003,1.5019,0.3997,0.9909,40554.1400,40185.4780
369364.52700000,880511091.52858789,1625666400000,0.6226,1.6497,0.3774,0.4839,0.9375,0.5161,0.6008,1.5050,0.3992,0.7688,94708.9270,72813.1210
368219.71100000,866899413.59404759,1625670000000,0.6339,1.7315,0.3661,0.4834,0.9357,0.5166,0.6070,1.5445,0.3930,0.9220,104416.5270,96269.2240
367385.32200000,860429535.89673255,1625673600000,0.6419,1.7925,0.3581,0.4840,0.9381,0.5160,0.6113,1.5727,0.3887,1.0060,66400.0040,66799.7110
367580.16800000,864379468.25872000,1625677200000,0.6469,1.8321,0.3531,0.4833,0.9354,0.5167,0.6230,1.6525,0.3770,1.1437,30926.5880,35371.0080
366656.39500000,864084459.84070000,1625680800000,0.6441,1.8098,0.3559,0.4833,0.9355,0.5167,0.6217,1.6434,0.3783,1.0435,30792.9640,32132.3600
367091.79500000,867845383.47745000,1625684400000,0.6450,1.8169,0.3550,0.4833,0.9355,0.5167,0.6254,1.6695,0.3746,0.8459,33447.8130,28294.9990
363565.99800000,859486774.65820401,1625688000000,0.6424,1.7964,0.3576,0.4842,0.9386,0.5158,0.6221,1.6462,0.3779,1.0773,19977.5330,21521.3780
362686.73100000,856593521.27580000,1625691600000,0.6395,1.7739,0.3605,0.4841,0.9383,0.5159,0.6189,1.6240,0.3811,0.7585,54093.9380,41030.4050
359310.15900000,842539205.63592000,1625695200000,0.6385,1.7663,0.3615,0.4835,0.9361,0.5165,0.6163,1.6062,0.3837,0.8451,69565.7540,58788.0170
356463.93200000,828335242.69231504,1625698800000,0.6487,1.8466,0.3513,0.4838,0.9372,0.5162,0.6229,1.6518,0.3771,0.9256,67993.3190,62937.3180
360254.18500000,834118129.78160000,1625702400000,0.6521,1.8744,0.3479,0.4833,0.9353,0.5167,0.6270,1.6810,0.3730,0.9282,137103.0590,127259.6240
360798.01400000,818460222.07942071,1625706000000,0.6537,1.8877,0.3463,0.4850,0.9416,0.5150,0.6278,1.6867,0.3722,1.0783,62659.5330,67563.6220
360426.51900000,819964383.68743650,1625709600000,0.6530,1.8818,0.3470,0.4851,0.9421,0.5149,0.6315,1.7137,0.3685,1.0825,36087.1540,39062.6350
362939.88200000,827862241.44318000,1625713200000,0.6537,1.8877,0.3463,0.4853,0.9431,0.5147,0.6336,1.7293,0.3664,0.8519,115200.1030,98139.3500
362158.23600000,816219451.49000554,1625716800000,0.6584,1.9274,0.3416,0.4871,0.9497,0.5129,0.6306,1.7071,0.3694,0.9476,101142.5810,95839.4760
351171.38100000,786965239.68137982,1625720400000,0.6627,1.9647,0.3373,0.4867,0.9481,0.5133,0.6325,1.7211,0.3675,0.8505,78314.0840,66609.8330
352634.27600000,780087528.09942704,1625724000000,0.6646,1.9815,0.3354,0.4864,0.9470,0.5136,0.6338,1.7307,0.3662,1.0769,106241.4140,114416.2200
351777.07400000,778341953.93240000,1625727600000,0.6686,2.0175,0.3314,0.4852,0.9426,0.5148,0.6397,1.7755,0.3603,0.8208,177326.1280,145542.8900
357701.38100000,780560851.21550321,1625731200000,0.6714,2.0432,0.3286,0.4873,0.9504,0.5127,0.6349,1.7390,0.3651,1.1138,118011.1450,131437.9410
357377.33000000,781055711.24779023,1625734800000,0.6677,2.0093,0.3323,0.4850,0.9418,0.5150,0.6449,1.8161,0.3551,1.0004,83607.3430,83637.3870
357881.62500000,777011743.55765162,1625738400000,0.6795,2.1201,0.3205,0.4827,0.9332,0.5173,0.6630,1.9674,0.3370,0.9218,74314.1070,68502.8400
360035.81500000,778563275.27345808,1625742000000,0.6805,2.1299,0.3195,0.4829,0.9337,0.5171,0.6678,2.0102,0.3322,0.9622,178215.5010,171470.1270
364992.74700000,791257966.46088591,1625745600000,0.6606,1.9464,0.3394,0.4851,0.9423,0.5149,0.6423,1.7956,0.3577,0.9680,115682.7060,111979.4490
370230.59400000,799646250.75684000,1625749200000,0.6468,1.8313,0.3532,0.4847,0.9405,0.5153,0.6390,1.7701,0.3610,0.9207,92425.3250,85099.0870
369449.52000000,789344547.52180859,1625752800000,0.6438,1.8074,0.3562,0.4833,0.9355,0.5167,0.6345,1.7360,0.3655,1.1969,64041.7740,76654.6500
371495.32500000,801438009.48225000,1625756400000,0.6413,1.7878,0.3587,0.4824,0.9320,0.5176,0.6356,1.7442,0.3644,1.0565,80051.7660,84573.2770
377431.16000000,820113354.27483178,1625760000000,0.6409,1.7847,0.3591,0.4825,0.9324,0.5175,0.6446,1.8137,0.3554,0.9490,80855.6450,76735.3600
375811.48600000,813337502.97478088,1625763600000,0.6399,1.7770,0.3601,0.4825,0.9325,0.5175,0.6429,1.8003,0.3571,0.9232,39887.8240,36823.5400
375294.65800000,810054754.56010000,1625767200000,0.6439,1.8082,0.3561,0.4829,0.9337,0.5171,0.6480,1.8409,0.3520,0.9620,48045.3870,46219.6540
372579.86000000,802654128.30791659,1625770800000,0.6420,1.7933,0.3580,0.4820,0.9306,0.5180,0.6485,1.8450,0.3515,1.0025,66104.5690,66266.9470
366622.74100000,790420298.45895000,1625774400000,0.6419,1.7925,0.3581,0.4817,0.9296,0.5183,0.6474,1.8361,0.3526,0.8741,38363.2070,33532.7560
371520.77200000,794129365.35772000,1625778000000,0.6450,1.8169,0.3550,0.4825,0.9323,0.5175,0.6516,1.8703,0.3484,0.7631,77232.4650,58936.1230
368262.78600000,775207895.04144000,1625781600000,0.6418,1.7917,0.3582,0.4840,0.9378,0.5160,0.6412,1.7871,0.3588,0.9422,100182.6050,94394.2440
368698.01200000,775858600.61184000,1625785200000,0.6330,1.7248,0.3670,0.4848,0.9411,0.5152,0.6305,1.7064,0.3695,1.0893,49066.1820,53445.8520
370696.06500000,783996228.75045000,1625788800000,0.6441,1.8098,0.3559,0.4850,0.9418,0.5150,0.6432,1.8027,0.3568,0.8959,148791.7910,133295.6480
376924.83100000,780068553.24436000,1625792400000,0.5991,1.4944,0.4009,0.4851,0.9423,0.5149,0.6094,1.5602,0.3906,1.0024,111142.9490,111411.3890
384176.73300000,797059151.48976000,1625796000000,0.5955,1.4722,0.4045,0.4863,0.9468,0.5137,0.6022,1.5138,0.3978,1.2458,84218.7070,104918.8700
384939.40000000,812874108.95284338,1625799600000,0.6031,1.5195,0.3969,0.4857,0.9445,0.5143,0.6168,1.6096,0.3832,1.0556,35919.8500,37918.6410
378129.46800000,801764772.11100687,1625803200000,0.5933,1.4588,0.4067,0.4855,0.9436,0.5145,0.6126,1.5813,0.3874,1.2017,9182.9470,11034.8530
380204.59000000,813535167.36070000,1625806800000,0.5940,1.4631,0.4060,0.4845,0.9398,0.5155,0.6248,1.6652,0.3752,0.9033,10056.5510,9083.6900
376869.97300000,805150735.29996675,1625810400000,0.5897,1.4372,0.4103,0.4845,0.9399,0.5155,0.6201,1.6323,0.3799,0.9045,7757.0490,7016.4990
379339.29900000,804921070.31429151,1625814000000,0.5898,1.4378,0.4102,0.4840,0.9380,0.5160,0.6133,1.5860,0.3867,1.3172,9969.6290,13131.7760
379241.81200000,805603560.02556119,1625817600000,0.5912,1.4462,0.4088,0.4837,0.9370,0.5163,0.6137,1.5887,0.3863,0.8713,15050.7860,13114.1010
377261.22100000,789896333.01160813,1625821200000,0.5963,1.4771,0.4037,0.4852,0.9424,0.5148,0.6131,1.5846,0.3869,1.1469,13663.9640,15670.8130
369227.97800000,775703674.42064000,1625824800000,0.6047,1.5297,0.3953,0.4840,0.9379,0.5160,0.6266,1.6781,0.3734,1.0928,16377.4660,17897.8490
372105.63700000,780232273.96373241,1625828400000,0.6039,1.5246,0.3961,0.4832,0.9351,0.5168,0.6281,1.6889,0.3719,1.0286,43113.5250,44347.2270
377507.14700000,785418719.61938000,1625832000000,0.6045,1.5284,0.3955,0.4836,0.9363,0.5164,0.6220,1.6455,0.3780,1.2126,72609.1470,88044.9650
378534.43000000,799321182.91460164,1625835600000,0.6049,1.5310,0.3951,0.4842,0.9389,0.5158,0.6272,1.6824,0.3728,0.9608,117558.4080,112955.5570
380097.72400000,814011660.28728871,1625839200000,0.5944,1.4655,0.4056,0.4873,0.9506,0.5127,0.6152,1.5988,0.3848,1.1181,176000.9680,196781.8620
405111.87400000,883899972.51797687,1625842800000,0.5809,1.3861,0.4191,0.4881,0.9534,0.5119,0.6182,1.6192,0.3818,1.0024,89198.5830,89410.3320
403306.51400000,876134409.35285530,1625846400000,0.5783,1.3714,0.4217,0.4877,0.9519,0.5123,0.6122,1.5786,0.3878,0.9574,83451.9730,79900.5730
401453.09800000,868431370.65556000,1625850000000,0.5761,1.3590,0.4239,0.4882,0.9541,0.5118,0.6059,1.5374,0.3941,0.9008,75537.4190,68040.8400
403690.38300000,866624457.17778983,1625853600000,0.5794,1.3776,0.4206,0.4880,0.9533,0.5120,0.6031,1.5195,0.3969,0.9816,53403.3450,52418.1830
404967.51400000,863348070.99664321,1625857200000,0.5836,1.4015,0.4164,0.4879,0.9528,0.5121,0.6043,1.5272,0.3957,1.0666,51215.9120,54627.0170
399347.65400000,852063042.12315639,1625860800000,0.5857,1.4137,0.4143,0.4875,0.9511,0.5125,0.6089,1.5569,0.3911,1.0550,35868.4610,37839.6910
395105.75700000,843364188.28535161,1625864400000,0.5911,1.4456,0.4089,0.4865,0.9474,0.5135,0.6175,1.6144,0.3825,1.1641,47041.2740,54758.4850
396322.45500000,850704887.32292213,1625868000000,0.5986,1.4913,0.4014,0.4849,0.9414,0.5151,0.6312,1.7115,0.3688,1.0071,44339.3380,44653.2370
402109.03300000,870346804.17458763,1625871600000,0.6045,1.5284,0.3955,0.4855,0.9435,0.5145,0.6394,1.7732,0.3606,0.7344,44757.4530,32869.7750
398144.89200000,855017739.58547137,1625875200000,0.6012,1.5075,0.3988,0.4856,0.9440,0.5144,0.6338,1.7307,0.3662,1.0147,86971.8270,88249.8120
399013.37900000,868909153.79905176,1625878800000,0.6151,1.5981,0.3849,0.4853,0.9428,0.5147,0.6410,1.7855,0.3590,0.8547,63581.2350,54343.5860
399565.98100000,858928101.66400382,1625882400000,0.6224,1.6483,0.3776,0.4852,0.9426,0.5148,0.6445,1.8129,0.3555,0.8893,59538.9690,52950.9320
401275.27300000,856864003.14654306,1625886000000,0.6232,1.6539,0.3768,0.4853,0.9428,0.5147,0.6420,1.7933,0.3580,1.0136,44807.1020,45417.6500
401347.73700000,856700393.45994851,1625889600000,0.6260,1.6738,0.3740,0.4849,0.9412,0.5151,0.6453,1.8193,0.3547,0.7856,81430.6870,63969.1230
399896.58900000,842769791.16649177,1625893200000,0.6256,1.6709,0.3744,0.4843,0.9391,0.5157,0.6402,1.7793,0.3598,1.0284,71314.4570,73342.2780
398917.88200000,844042422.27206000,1625896800000,0.6244,1.6624,0.3756,0.4846,0.9401,0.5154,0.6406,1.7824,0.3594,1.1212,52801.1340,59200.1770
400553.58200000,854193651.80853942,1625900400000,0.6244,1.6624,0.3756,0.4847,0.9407,0.5153,0.6434,1.8043,0.3566,0.8798,49417.8270,43478.1790
402162.22200000,853399059.14749160,1625904000000,0.6112,1.5720,0.3888,0.4843,0.9392,0.5157,0.6361,1.7480,0.3639,1.0308,53701.0310,55354.7490
405373.35300000,860172913.80219624,1625907600000,0.6105,1.5674,0.3895,0.4843,0.9391,0.5157,0.6374,1.7579,0.3626,0.8780,36214.7670,31798.3000
409366.19600000,867040301.15825629,1625911200000,0.6115,1.5740,0.3885,0.4840,0.9380,0.5160,0.6392,1.7716,0.3608,0.8524,83558.9140,71225.2320
415726.73800000,869457057.88033744,1625914800000,0.6182,1.6192,0.3818,0.4843,0.9391,0.5157,0.6389,1.7693,0.3611,1.1407,75602.8240,86241.5860
409850.22700000,864620038.87920000,1625918400000,0.6160,1.6042,0.3840,0.4843,0.9390,0.5157,0.6385,1.7663,0.3615,1.0991,40081.5810,44052.5110
409574.70600000,867314331.13881040,1625922000000,0.6149,1.5967,0.3851,0.4843,0.9390,0.5157,0.6390,1.7701,0.3610,0.9370,56936.1980,53350.9840
413755.68300000,868622800.55401856,1625925600000,0.6191,1.6254,0.3809,0.4839,0.9374,0.5161,0.6422,1.7949,0.3578,1.0304,43006.4000,44312.3480
412368.07700000,870627210.74703158,1625929200000,0.6109,1.5700,0.3891,0.4841,0.9385,0.5159,0.6371,1.7556,0.3629,1.0836,45300.7440,49086.3130
409010.85300000,866573127.38457174,1625932800000,0.6074,1.5471,0.3926,0.4840,0.9379,0.5160,0.6339,1.7315,0.3661,1.0873,91304.3720,99270.8840
402474.69600000,858965520.95016000,1625936400000,0.5986,1.4913,0.4014,0.4832,0.9351,0.5168,0.6272,1.6824,0.3728,0.8784,157599.5420,138435.2180
412122.97400000,859775069.58854000,1625940000000,0.6207,1.6364,0.3793,0.4843,0.9390,0.5157,0.6487,1.8466,0.3513,0.9792,36397.3720,35642.0520
414564.40400000,868147415.38156127,1625943600000,0.6233,1.6546,0.3767,0.4845,0.9399,0.5155,0.6529,1.8810,0.3471,1.0288,44962.5090,46259.0790
407035.70800000,852070721.44087605,1625947200000,0.6209,1.6378,0.3791,0.4840,0.9378,0.5160,0.6515,1.8694,0.3485,0.9644,46306.7610,44657.8210
403043.06800000,844248035.74525645,1625950800000,0.6161,1.6048,0.3839,0.4840,0.9380,0.5160,0.6454,1.8201,0.3546,1.1422,25541.3620,29173.0770
403291.42000000,849014158.38481952,1625954400000,0.6182,1.6192,0.3818,0.4835,0.9360,0.5165,0.6478,1.8393,0.3522,1.1713,31264.7360,36620.0400
404111.47200000,854780380.40742450,1625958000000,0.6163,1.6062,0.3837,0.4833,0.9353,0.5167,0.6476,1.8377,0.3524,0.9206,41289.2220,38009.4760
406587.03100000,858333683.53317000,1625961600000,0.6239,1.6589,0.3761,0.4841,0.9382,0.5159,0.6486,1.8458,0.3514,1.1898,57700.6010,68653.9280
400566.84700000,848801148.79300000,1625965200000,0.6206,1.6357,0.3794,0.4854,0.9431,0.5146,0.6505,1.8612,0.3495,1.0589,27783.7350,29419.0910
399708.10800000,845966222.25768000,1625968800000,0.6208,1.6371,0.3792,0.4854,0.9431,0.5146,0.6493,1.8514,0.3507,0.7995,40056.6160,32025.8800
401932.33100000,842389875.92635000,1625972400000,0.6275,1.6846,0.3725,0.4856,0.9440,0.5144,0.6499,1.8563,0.3501,0.9685,47813.2990,46305.4190
407061.85100000,850804045.39361000,1625976000000,0.6337,1.7300,0.3663,0.4856,0.9441,0.5144,0.6552,1.9002,0.3448,1.1263,39801.0270,44826.4030
409949.60000000,857997824.15045441,1625979600000,0.6365,1.7510,0.3635,0.4850,0.9419,0.5150,0.6621,1.9595,0.3379,1.0262,28210.4070,28950.7870
411269.99000000,863448475.61788759,1625983200000,0.6373,1.7571,0.3627,0.4851,0.9419,0.5149,0.6650,1.9851,0.3350,0.8819,48067.3940,42389.5880
411963.94500000,861280437.74463991,1625986800000,0.6314,1.7130,0.3686,0.4854,0.9433,0.5146,0.6553,1.9011,0.3447,1.0741,34003.2100,36522.0310
410497.77500000,861688194.43575000,1625990400000,0.6302,1.7042,0.3698,0.4855,0.9435,0.5145,0.6555,1.9028,0.3445,1.1259,66446.4640,74812.4860
414286.09600000,874833533.65206094,1625994000000,0.6171,1.6116,0.3829,0.4855,0.9435,0.5145,0.6429,1.8003,0.3571,1.1957,49815.8110,59563.9140
414806.26200000,879151809.99255313,1625997600000,0.6084,1.5536,0.3916,0.4852,0.9425,0.5148,0.6356,1.7442,0.3644,0.9648,56388.6820,54401.2550
413197.35600000,876164060.23733677,1626001200000,0.6083,1.5530,0.3917,0.4855,0.9435,0.5145,0.6359,1.7465,0.3641,1.0371,35057.9140,36357.6910
407895.14000000,868389503.27689483,1626004800000,0.6080,1.5510,0.3920,0.4864,0.9471,0.5136,0.6324,1.7203,0.3676,1.0871,42423.8840,46119.9370
405991.05400000,862000205.85280000,1626008400000,0.6089,1.5569,0.3911,0.4846,0.9404,0.5154,0.6326,1.7218,0.3674,1.0570,40583.7970,42897.1030
405931.12700000,866098711.87847000,1626012000000,0.6084,1.5536,0.3916,0.4849,0.9415,0.5151,0.6295,1.6991,0.3705,1.0749,58989.1910,63406.1810
406908.29900000,872941838.58029666,1626015600000,0.6065,1.5413,0.3935,0.4851,0.9421,0.5149,0.6320,1.7174,0.3680,0.8600,60440.1220,51979.0140
